[NH3+][C@H](C=O)CCCNC(=[NH2+])N	ligand.pdb	1AJU
N[C@H](C=O)CCCNC(=[NH2+])N		1AKX
P(=O)(O)(O)OC[C@H]1O[C@H]([C@@H]([C@@H]1O)O)n1cnc2c(N)ncnc12	1AM0_AMP_A_41	1AM0
N[C@H](C(=O)O)CCCNC(=[NH2+])N		1ARJ
[C@@H]1(O[C@H](O[C@@H]2[C@H](C[C@@H](N)[C@@H]([C@H]2O)O[C@@H]2[C@@H]([C@H]([C@](CO2)(O)C)NC)O)N)[C@H](N)CC1)CN	ligands/ligand.pdb	1BYJ
Cn1c(=O)n(C)c2c(c1=O)[nH]cn2	1EHT_TEP_A_34	1EHT
[C@@H]1(O[C@H]2[C@@H]([C@H]([C@H](N)C[C@@H]2N)O)O[C@H]2[C@@H]([C@@H]([C@H](O2)CO)O[C@@H]2[C@@H]([C@H]([C@@H]([C@@H](O2)CN)O)O)N)O)[C@H](N)[C@@H](O)[C@H](O)[C@H](O1)CN	1EI2_NMY_A_26	1EI2
C(=O)(O)CCCC[C@@H]1SC[C@@H]2NC(=O)N[C@H]12	1F27_BTN_A_33	1F27
N1=C2[C@@H](C(=O)NC1=O)N=C1C=C(C)C(=C[C@H]1N2C[C@@H](O)[C@@H](O)[C@@H](O)CO[P@@](=O)(O)O)C	ligand.pdb	1FMN
NCCCNCCCCNCCCN	1FUF_SPM_B_98	1FUF
[C@@H]1(O[C@@H]2[C@H](C[C@@H](N)[C@@H]([C@H]2O[C@H]2[C@H](O)[C@H](O[C@@H]3[C@H](N)[C@@H](O)[C@H](O)[C@@H](O3)CN)[C@H](O2)CO)O)N)[C@H](N)[C@@H](O)[C@H](O)[C@H](O1)CO	1FYP_PAR_A_28	1FYP
CC(O)(C)C[C@@H](O)C	1G4Q_MPD_A_25	1G4Q
[C@@H]1(O[C@@H]2[C@H](C[C@@H](N)[C@@H]([C@H]2O[C@H]2[C@H](O)[C@H](O[C@@H]3[C@H](N)[C@@H](O)[C@H](O)[C@@H](O3)CN)[C@H](O2)CO)O)N)[C@H](N)[C@@H](O)[C@H](O)[C@H](O1)CO	1J7T_PAR_A_45	1J7T
NCCCNCCCCNCCCN	1J8G_SPM_A_62	1J8G
N[C@H](C(=O)O)CCCNC(=[NH2+])N		1KOC
C(=O)(O)[C@@H](N)CCCNC(=O)N	1KOD_CIR_B_1	1KOD
[C@@H]1(O[C@@H]2[C@H](C[C@@H](N)[C@@H]([C@H]2O)O[C@@H]2[C@H](O)[C@@H](N)[C@H](O)[C@H](O2)CO)N)[C@H](N)C[C@H](O)[C@H](O1)CN	1LC4_TOY_A_47	1LC4
S1c2ccc(cc2N(c2c1cccc2)CCCN(C)C)C(=O)C	1LVJ_PMZ_A_47	1LVJ
[C@@H]1(O[C@@H]2[C@H](C[C@@H](N)[C@@H]([C@H]2O)O[C@@H]2[C@H](O)[C@@H](NC)[C@](O)(C)CO2)N)[C@H](N)[C@@H](O)[C@H](O)[C@H](O1)[C@H](O)C	1MWL_GET_A_45	1MWL
[C@H](CCCNC(=N)N)(C(=O)O)[NH3+]	1NBK_GND_A_35	1NBK
[C@@H]1(O[C@H]([C@H](O)[C@@H]1O[C@H]1O[C@H]([C@H]([C@@H]([C@H]1N)O)O)CN)O[C@H]1[C@@H]([C@H](C[C@@H](N)[C@@H]1O)N)O[C@H]1O[C@@H]([C@H]([C@@H]([C@H]1N)O)O)CN)CO	ligands/ligand.pdb	1NEM
C1(=O)N=[C](=O)N=C(C)[C@H]1CCC(=O)N[C@H](CO)CSCSC	ligand.pdb	1NJN
[C@@H]1(NC(=N)N)[C@@H](O)[C@H](NC(=N)N)[C@@H](O[C@H]2[C@@H]([C@@](O)(C=O)[C@H](C)O2)O[C@H]2[C@@H](NC)[C@H](O)[C@@H](O)[C@@H](O2)CO)[C@H](O)[C@H]1O	1NTA_SRY_A_26	1NTA
[C@@H]1(NC(=N)N)[C@@H](O)[C@H](NC(=N)N)[C@@H](O[C@H]2[C@@H]([C@@](O)(C=O)[C@H](C)O2)O[C@H]2[C@@H](NC)[C@H](O)[C@@H](O)[C@@H](O2)CO)[C@H](O)[C@H]1O	1NTB_SRY_A_25	1NTB
Cn1c(=O)n(C)c2c(c1=O)[nH]cn2	1O15_TEP_A_34	1O15
[C@@H]1(O[C@H](O[C@H]2[C@@H]([C@H]([C@H](NC(=O)[C@H](O)CCN)C[C@@H]2N)OCCNCCCCN)O)[C@H](N)[C@@H](O)[C@@H]1O)CN	ligands/ligand.pdb	1O9M
C[C@]12[C@H](N(C(=O)O2)CCCCn2cc(nc2)c2cccnc2)[C@@H](C)C(=O)[C@H](C)C[C@](OC)(C)[C@@H]([C@H](C(=O)[C@@H](C(=O)O[C@@H]1CC)C)C)O[C@H]1[C@H](O)[C@@H](N(C)C)C[C@H](O1)C	1P9X_TEL_0_2881	1P9X
[C@@H]1(O[C@H]2[C@@H]([C@H]([C@H](N)C[C@@H]2N)O)O[C@H]2[C@H](O)[C@H](O[C@H]3O[C@H]([C@H]([C@@H]([C@H]3N)O)O)CN)[C@H](O2)CO)[C@H](N)[C@@H](O)[C@H](O)[C@H](O1)CO	ligands/ligand.pdb	1PBR
C(=C\1/C=CC(=[N+](C)C)C=C1)(OC[C@H]1O[C@H]([C@@H]([C@@H]1O[C@H]1O[C@H]([C@H]([C@@H]([C@H]1N)O)O)CN)O)O[C@H]1[C@H](O[C@H]2O[C@@H]([C@H]([C@@H]([C@H]2N)O)O)CN)[C@H](C[C@H]([C@@H]1O)N)N	ligands/ligand.pdb	1QD3
P(=O)(O)(O)OC[C@H]1O[C@H]([C@@H]([C@@H]1O)O)n1cnc2c(N)ncnc12	1RAW_AMP_A_37	1RAW
[C@H]1([C@@H]([C@H]([C@@H]([C@@H](CO)O1)O)N)O)O[C@H]1[C@@H](C[C@@H]([C@@H](O[C@@H]2[C@@H](C[C@@H]([C@@H](CN)O2)O)N)[C@@H]1O)N)N	ligands/ligand.pdb	1TOB
c1c(cc(c(c1)OCCCN)CNCCN1CCNCC1)c1cc2cc[nH]c2cc1	1UTS_P13_B_1046	1UTS
c1(c(cc(cc1)OC)CNCCCCNC(=N)N)OCCNC(=N)N	ligand.pdb	1UUD
c1c(cc(c(c1)OCCC[NH3+])C[NH+]1CCN(CC1)C(=N)N)OC	1UUI_P12_B_1046	1UUI
NCCCNCCCCNCCCN	1XPF_SPM_A_108	1XPF
[C@H]1([C@@H](C[C@H]2[C@@H]([C@@H]([C@@H]([C@H](O2)O[C@@H]2[C@@H]([C@H]([C@@H]([C@@H](CO)O2)N)O)O)NC)O)O1)N)O[C@H]1[C@@H]([C@H]([C@@H](C[C@@H]1N)N)O)O	1YRJ_AM2_A_151	1YRJ
[C@@H]12O[C@@H]3[C@H](C[C@@H](N)[C@@H]([C@H]3O[C@H]3[C@H](O)[C@H](O[C@@H]4[C@H](N)[C@@H](O)[C@H](O)[C@@H](O4)CN)[C@H](O3)CN[C@@H]1[C@@H](O)[C@H](O)[C@H](O2)CN)O)N	1ZZ5_CNY_A_42	1ZZ5
[C@@H]1(O[C@H]2[C@@H]([C@H]([C@H](N)C[C@@H]2N)O)O[C@H]2[C@@H]([C@@H]([C@H](O2)CO)O[C@@H]2[C@@H]([C@H]([C@@H]([C@@H](O2)CN)O)O)N)O)[C@H](N)[C@@H](O)[C@H](O)[C@H](O1)CN	2A04_NMY_A_17	2A04
[P@@](=O)(O)(O)O[P@](=O)(O)O[P@](=O)(O)OC[C@H]1O[C@H]([C@@H]([C@@H]1O)O)n1cnc2c(=O)[nH]c(N)nc12	ligand.pdb	2AU4
[nH]1cnc2c1nc(N)nc2N	2B57_6AP_A_91	2B57
[C@@H]1(O[C@@H]2[C@H](C[C@@H](N)[C@@H]([C@H]2O[C@@H]2O[C@@H]([C@H]([C@H]2OCCNC[C@@H]2CNCCC2)O[C@@H]2[C@H](N)[C@@H](O)[C@H](O)[C@@H](O2)CN)CO)O)N)[C@H](N)[C@@H](O)[C@H](O)[C@H](O1)CO	2BE0_JS5_A_50	2BE0
[C@@H]1(O[C@@H]2[C@H](C[C@@H](N)[C@@H]([C@H]2O[C@H]2[C@H](OCCNCCCN)[C@@H]([C@H](O2)CO)O[C@@H]2[C@H](N)[C@@H](O)[C@H](O)[C@@H](O2)CN)O)N)[C@H](N)[C@@H](O)[C@H](O)[C@H](O1)CO	2BEE_JS4_A_50	2BEE
n1c(C)nc(N)c(c1)C[n+]1csc(c1C)CCO[P@@](=O)(O)OP(=O)(O)O	2CKY_TPP_A_1084	2CKY
[nH]1cnc2c(c1=O)[nH]cn2	2EES_HPA_A_90	2EES
[nH]1cnc2c(c1=O)[nH]cn2	2EEU_HPA_A_90	2EEU
[C@H]1([C@@H]([C@H]([C@@H]([C@@H](CN)O1)O)O)O)O[C@H]1[C@@H]([C@H]([C@@H](C[C@@H]1N)N)O[C@@H]1[C@@H]([C@H]([C@@H]([C@@H](CO)O1)O)N)O)O	2ESI_KAN_A_51	2ESI
[C@@H]1(O[C@H]2[C@@H]([C@H]([C@H](N)C[C@@H]2N)O)O[C@H]2[C@H](O)[C@@H]([C@H](O2)CO)O[C@@H]2[C@@H]([C@H]([C@H](O[C@@H]3[C@H]([C@H]([C@@H]([C@@H](CO)O3)O)O)O)[C@@H](O2)CN)O)N)[C@H](N)C[C@H](O)[C@H](O1)CO	2ESJ_LIV_A_50	2ESJ
[C@@H]1(O[C@@H]2[C@H](C[C@@H](N)[C@@H]([C@H]2O)O[C@@H]2[C@H](O)[C@@H](NC)[C@@](O)(CO2)C)N)[C@H](N)CC[C@H](O1)CN	2ET3_LLL_A_50	2ET3
[C@@H]1(O[C@H]2[C@@H]([C@H]([C@H](N)C[C@@H]2N)O)O[C@H]2[C@@H]([C@@H]([C@H](O2)CO)O[C@@H]2[C@@H]([C@H]([C@@H]([C@@H](O2)CN)O)O)N)O)[C@H](N)[C@@H](O)[C@H](O)[C@H](O1)CN	2ET4_NMY_A_50	2ET4
OC[C@H]1O[C@@H](O[C@@H]2[C@@H](O)[C@H](N)C[C@H](N)[C@H]2O[C@H]2O[C@H](CN)[C@@H](O)[C@H](O)[C@H]2N)[C@H](O)[C@@H]1O	2ET5_RIO_A_54	2ET5
O[C@@H]1[C@@H](O)[C@H](N)C[C@H](N)[C@H]1O[C@H]1O[C@H](CN)[C@@H](O)[C@H](O)[C@H]1N	2ET8_XXX_B_51	2ET8
O[C@@H]1[C@@H](O)[C@H](N)C[C@H](N)[C@H]1O[C@H]1O[C@H](CN)[C@@H](O)[C@H](O)[C@H]1N	2F4S_XXX_B_501	2F4S
[C@H]1([C@@H]([C@@H](O)[C@H](O)[C@H](O1)CN)N)O[C@@H]1[C@H](C[C@@H](NC(=O)[C@@H](CCN)O)[C@@H]([C@H]1O)OCCNCCN)N	2F4T_AB9_B_1	2F4T
[C@H]1([C@@H]([C@@H](O)[C@H](O)[C@H](O1)CO)N)O[C@@H]1[C@H](C[C@@H](NC(=O)[C@@H](CCN)O)[C@@H]([C@H]1O)OCCNCCCN)N	2F4U_AB6_B_41	2F4U
O[C@@H]1[C@@H](O)[C@H](N)C[C@H](N)[C@H]1O[C@H]1O[C@H](CN)[C@@H](O)[C@H](O)[C@H]1N	2FCX_XXX_A_101	2FCX
[C@@H]1(O[C@H]2[C@@H]([C@H]([C@H](N)C[C@@H]2N)O)O[C@H]2[C@@H]([C@@H]([C@H](O2)CO)O[C@@H]2[C@@H]([C@H]([C@@H]([C@@H](O2)CN)O)O)N)O)[C@H](N)[C@@H](O)[C@H](O)[C@H](O1)CN	2FCY_NMY_A_1001	2FCY
OC[C@H]1O[C@@H](O[C@@H]2[C@@H](O)[C@H](N)C[C@H](N)[C@H]2O[C@H]2O[C@H](CN)[C@@H](O)[C@H](O)[C@H]2N)[C@H](O)[C@@H]1O	2FCZ_RIO_A_1024	2FCZ
[C@H]1([C@@H](C[C@H]2[C@@H]([C@@H]([C@@H]([C@H](O2)O[C@@H]2[C@@H]([C@H]([C@@H]([C@@H](CO)O2)N)O)O)NC)O)O1)N)O[C@H]1[C@@H]([C@H]([C@@H](C[C@@H]1N)N)O)O	2G5K_AM2_A_102	2G5K
Nc1cc(nc(n1)N)N	2G9C_3AY_A_91	2G9C
n1c(C)nc(N)c(c1)C[n+]1csc(c1C)CCO[P@](=O)(O)OP(=O)(O)O	2GDI_TPP_X_100	2GDI
N[C@H](C(=O)O)CC[S@H](C)C[C@H]1O[C@H]([C@@H]([C@@H]1O)O)n1cnc2c(N)ncnc12	ligand.pdb	2GIS
NCCCNCCCCNCCCN	2GUN_SPM_B_521	2GUN
[C@@H]1(O[C@@H]2[C@@H]([C@H]([C@H](NC(=[NH2+])N)C[C@@H]2NC(=[NH2+])N)O)O[C@H]2[C@H]([C@@H]([C@H](O2)CO)O[C@@H]2[C@H]([C@@H]([C@H]([C@@H](O2)CNC(=[NH2+])N)O)O)NC(=[NH2+])N)O)[C@@H](NC(=[NH2+])N)[C@H](O)[C@@H](O)[C@@H](O1)CNC(=[NH2+])N	2JUK_G0B_A_23	2JUK
c1cc(cc2nc3cc(ccc3cc12)N)N	2KD4_PRL_A_17	2KD4
OCCNCCNc1ccc(c2c1C(=O)c1c(O)ccc(O)c1C2=O)NCCNCCO	2KGP_MIX_A_26	2KGP
c1cc2c(c3c1O[C@H](C3)CN(C)C)n(c(n2)N)CCCN(C)C	2KTZ_ISH_A_39	2KTZ
c1cc2c(c3c1O[C@@H](C3)CN(C)C)n(c(N)n2)CCCN(C)C	2KU0_ISI_A_39	2KU0
N[C@H](C=O)CCCNC(=[NH2+])N		2KX8
OC[C@H]1O[C@@H](O[C@@H]2[C@@H](O)[C@H](N)C[C@H](N)[C@H]2O[C@H]2O[C@H](CN)[C@@H](O)[C@H](O)[C@H]2N)[C@H](O)[C@@H]1O	2KXM_RIO_A_101	2KXM
[nH]1c(nc2c(c1=O)c(CN)c[nH]2)N	2L1V_PRF_A_37	2L1V
Nc1cc(OC)c2ccccc2c1	2L8H_L8H_A_2	2L8H
c1(ccc(cc1)/C(=[NH+]/CCC[NH+](C)C)/N)/C(=[NH+]/CCC[NH+](C)C)/N	2L94_L94_A_46	2L94
c1(nc2c(c(N)n1)cc(c(c2)OC)OC)N1CCNCC1	2LWK_0EC_A_101	2LWK
[C@H]1([C@@H](C[C@H]2[C@@H]([C@@H]([C@@H]([C@H](O2)O[C@@H]2[C@@H]([C@H]([C@@H]([C@@H](CO)O2)N)O)O)NC)O)O1)N)O[C@H]1[C@@H]([C@H]([C@@H](C[C@@H]1N)N)O)O	2M4Q_AM2_1_101	2M4Q
[nH]1c(nc2c(c1=O)c(CN)c[nH]2)N	2MIY_PRF_A_101	2MIY
[C@@H]1(O[C@@H]2[C@H](C[C@@H](N)[C@@H]([C@H]2O[C@H]2[C@H](O)[C@H](O[C@@H]3[C@H](N)[C@@H](O)[C@H](O)[C@@H](O3)CN)[C@H](O2)CO)O)N)[C@H](N)[C@@H](O)[C@H](O)[C@H](O1)CO	2MXS_PAR_A_101	2MXS
[P@@H](=O)(O)OCCCO	ligand.pdb	2NPZ
[C@@H]1(O[C@@H]2[C@H](C[C@@H](N)[C@@H]([C@H]2O)O)N)[C@H](N)[C@@H](OCO[C@@H]2[C@H]([C@@H](O)O[C@@H]([C@H]2O)CO)N)[C@H](O)[C@H](O1)CO	2O3V_N33_A_50	2O3V
[C@@H]1(O[C@@H]2[C@H](C[C@@H](N)[C@@H]([C@H]2O[C@H]2[C@H](O)[C@H](O[C@@H]3[C@H](N)[C@@H](O)[C@H](O)[C@@H](O3)CN)[C@H](O2)CO)O)N)[C@H](N)[C@@H](O)[C@H](O)[C@H](O1)CO	2O3W_PAR_B_101	2O3W
[C@@H]1(O[C@@H]2[C@H](C[C@@H](N)[C@@H]([C@H]2O[C@H]2[C@H](O)[C@H](O)[C@H](O2)CN)O)N)[C@H](N)[C@@H](O)[C@H](O)[C@H](O1)CO	2O3X_N30_B_1	2O3X
NCCCNCCCCNCCCN	2O3Y_SPM_A_51	2O3Y
[C@H]1([C@@H](C[C@H]2[C@@H]([C@@H]([C@@H]([C@H](O2)O[C@@H]2[C@@H]([C@H]([C@@H]([C@@H](CO)O2)N)O)O)NC)O)O1)N)O[C@H]1[C@@H]([C@H]([C@@H](C[C@@H]1N)N)O)O	2OE5_AM2_B_101	2OE5
[C@H]1([C@@H](C[C@H]2[C@@H]([C@@H]([C@@H]([C@H](O2)O[C@@H]2[C@@H]([C@H]([C@@H]([C@@H](CO)O2)N)O)O)NC)O)O1)N)O[C@H]1[C@@H]([C@H]([C@@H](C[C@@H]1N)N)O)O	2OE8_AM2_B_101	2OE8
[C@@H]1(O[C@@H]2[C@H](C[C@@H](NC(=O)[C@@H](O)CCN)[C@@H]([C@H]2O[C@@H]2O[C@@H]([C@H]([C@H]2OCCNCCc2ccccc2)O[C@@H]2[C@H](N)[C@@H](O)[C@H](O)[C@@H](O2)CN)CO)O)N)[C@H](N)[C@@H](O)[C@H](O)[C@H](O1)CO	2PWT_LHA_A_51	2PWT
N[C@H](C(=O)O)CC[S@H](C)C[C@H]1O[C@H]([C@@H]([C@@H]1O)O)n1cnc2c(N)ncnc12	ligand.pdb	2QWY
[C@H]1([C@@H]([C@H]([C@@H]([C@@H](CO)O1)O)N)O)O[C@H]1[C@@H](C[C@@H]([C@H]([C@@H]1O)O[C@@H]1[C@@H](C[C@@H]([C@@H](CN)O1)O)N)N)N	ligands/ligand.pdb	2TOB
C(O)C(O)CO	2W89_GOL_B_1973	2W89
n1c(C)nc(nc1N)N	2XNZ_3AW_A_1088	2XNZ
[C@@H]1(O[C@@H]2[C@H](C[C@@H](N)[C@@H]([C@H]2O[C@H]2[C@H](O)[C@H](O[C@@H]3[C@H](N)[C@@H](O)[C@H](O)[C@@H](O3)CN)[C@H](O2)CO)O)N)[C@H](N)[C@@H](O)[C@H](O)[C@H](O1)CO	3BNQ_PAR_C_101	3BNQ
[C@@H]1(O[C@@H]2[C@H](C[C@@H](N)[C@@H]([C@H]2O[C@H]2[C@H](O)[C@H](O[C@@H]3[C@H](N)[C@@H](O)[C@H](O)[C@@H](O3)CN)[C@H](O2)CO)O)N)[C@H](N)[C@@H](O)[C@H](O)[C@H](O1)CO	3C44_PAR_A_24	3C44
[C@@H]1(O[C@H]2[C@@H]([C@H]([C@H](N)C[C@@H]2N)O)O[C@H]2[C@H](O)[C@@H]([C@H](O2)CO)O[C@@H]2[C@@H]([C@H]([C@H](O[C@@H]3[C@H]([C@H]([C@@H]([C@@H](CO)O3)O)O)O)[C@@H](O2)CN)O)N)[C@H](N)C[C@H](O)[C@H](O1)CO	3C5D_LIV_B_24	3C5D
[C@@H]1(O[C@H]2[C@@H]([C@H]([C@H](N)C[C@@H]2N)O)O[C@H]2[C@@H]([C@@H]([C@H](O2)CO)O[C@@H]2[C@@H]([C@H]([C@@H]([C@@H](O2)CN)O)O)N)O)[C@H](N)[C@@H](O)[C@H](O)[C@H](O1)CN	3C7R_NMY_A_24	3C7R
N[C@H](C(=O)O)CCCCN	ligand.pdb	3D0U
n1c(C)nc(N)c(c1)C[n+]1csc(c1C)CCO[P@@](=O)(O)OP(=O)(O)O	3D2G_TPP_A_83	3D2G
Cc1ncc(C[n+]2cccc(CCO[P@@](=O)(O)OP(=O)(O)O)c2C)c(N)n1	3D2V_PYI_A_84	3D2V
OP(=O)(O)O[P@](=O)(O)OCCc1c(C)[n+](cs1)Cc1cnc(C)nc1O	3D2X_D2X_A_85	3D2X
N[C@@H](CSCCN)C(=O)O	ligand.pdb	3DIG
N[C@H](C(=O)O)CCCCN	ligand.pdb	3DIL
N[C@H](C(=O)O)CCCCN	ligand.pdb	3DIO
N[C@@H](CCCCNC(=N)N)C(=O)O	3DIQ_HRG_A_175	3DIQ
O=C(O)[C@@H](N)CCCCNC(=N)C	3DIR_IEL_A_175	3DIR
N[C@H](C(=O)O)CCCCN	ligand.pdb	3DIY
OC(=O)[C@@H](N)COCCN	ligand.pdb	3DJ0
N[C@H](C(=O)O)CCCCN	ligand.pdb	3DJ2
OC[C@H]1O[C@@H](n2cnc3c2[nH]c(nc3=O)N)C[C@@H]1O	3DS7_GNG_A_120	3DS7
OC[C@H]1O[C@@H](O[C@@H]2[C@@H](O)[C@H](N)C[C@H](N)[C@H]2O[C@H]2O[C@H](CN)[C@@H](O)[C@H](O)[C@H]2N)[C@H](O)[C@@H]1O	3DVV_RIO_A_27	3DVV
C(O)C(O)CO	3DW4_GOL_A_1	3DW4
N[C@H](C(=O)O)CC[S@H](C)C[C@H]1O[C@H]([C@@H]([C@@H]1O)O)n1cnc2c(N)ncnc12	ligand.pdb	3E5C
N[C@@H](CCSC[C@H]1O[C@H]([C@@H]([C@@H]1O)O)n1cnc2c(N)ncnc12)C(=O)O	3E5E_SAH_A_220	3E5E
n1c(=O)[nH]c(=O)c2nc3cc(C)c(C)cc3n(c12)C[C@H](O)[C@H](O)[C@H](O)COP(=O)(O)O	3F2Q_FMN_X_200	3F2Q
COc1nc(nc2c1[nH]cn2)N	3FO6_6GO_A_91	3FO6
[nH]1cnc2cnc(N)nc12	3G4M_2BP_A_91	3G4M
[nH]1c2[nH]c(=O)[nH]c(=O)c2nc1	3GAO_XAN_A_90	3GAO
[nH]1c(nc2c(c1=O)c(C#N)c[nH]2)N	3GCA_PQ0_A_34	3GCA
C(O)C(O)CO	3GLP_GOL_A_10	3GLP
Fc1nc2c(c(n1)N)[nH]cn2	3GOT_A2F_A_91	3GOT
N[C@H](C(=O)O)CC[C@H](N)C[C@H]1O[C@H]([C@@H]([C@@H]1O)O)n1cnc2c(N)ncnc12	3GX2_SFG_A_301	3GX2
N[C@@H](CCSC[C@H]1O[C@H]([C@@H]([C@@H]1O)O)n1cnc2c(N)ncnc12)C(=O)O	3GX3_SAH_A_301	3GX3
N[C@H](C(=O)O)CC[S@H](C)C[C@H]1O[C@H]([C@@H]([C@@H]1O)O)n1cnc2c(N)ncnc12	ligand.pdb	3GX5
N[C@H](C(=O)O)CC[S@H](C)C[C@@H]1O[C@@H]([C@H]([C@@H]1O)O)n1cnc2c(N)ncnc12	ligand.pdb	3IQR
c1(=O)[nH]c(ncn1)N	3LA5_5AZ_A_84	3LA5
CCN(CC)CCC(=O)Nc1cccc(c1)c1cn(nn1)c1ccc2cc3ccc(cc3nc2c1)n1cc(nn1)c1cccc(c1)NC(=O)CCN(CC)CC	3MIJ_R14_A_30	3MIJ
N[C@@H](CCSC[C@H]1O[C@H]([C@@H]([C@@H]1O)O)n1cnc2c(N)ncnc12)C(=O)O	3NPQ_SAH_A_55	3NPQ
NCC(=O)O	3OWW_GLY_A_89	3OWW
[P@]1(=O)(O)OC[C@H]2O[C@H]([C@@H]([C@@H]2O[P@](=O)(O)OC[C@H]2O[C@H]([C@@H]([C@@H]2O1)O)n1cnc2c(=O)[nH]c(N)nc12)O)n1cnc2c(=O)[nH]c(N)nc12	3Q3Z_C2E_V_1	3Q3Z
[nH]1c(nc2c(c1=O)c(CN)c[nH]2)N	3Q50_PRF_A_34	3Q50
c12c(c(=S)[nH]c(N)n1)nc[nH]2	3RKF_DX4_A_91	3RKF
[C@@H]1(O[C@@H]2[C@H](C[C@@H](N)[C@@H]([C@H]2O[C@H]2[C@H](OCCNCCc3ccccc3)[C@H](O[C@@H]3[C@H](N)[C@@H](O)[C@H](O)[C@@H](O3)CN)[C@H](O2)CO)O)N)[C@H](N)[C@@H](O)[C@H](O)[C@H](O1)CO	3S4P_JS6_A_50	3S4P
N1=C(NC(=O)[C@H]2N([C@H](CNC=12)CNc1ccccc1)C=O)N	ligand.pdb	3SD3
OC[C@H]1O[C@@H](n2cnc3c2[nH]c(nc3=O)N)C[C@@H]1O	3SKI_GNG_A_120	3SKI
OC[C@H]1O[C@@H](n2cnc3c2[nH]c(nc3=O)N)C[C@@H]1O	3SKL_GNG_A_120	3SKL
OC[C@H]1O[C@@H](n2cnc3c2[nH]c(nc3=O)N)C[C@@H]1O	3SKR_GNG_A_120	3SKR
OC[C@H]1O[C@H]([C@@H]([C@@H]1O)O)n1cnc2c(=O)[nH]c(N)nc12	3SKZ_GMP_A_120	3SKZ
n1c(N)[nH]c(=O)c2N([C@H](CNc12)CNc1ccc(cc1)C(=O)N[C@@H](CCC(=O)O)C(=O)O)C=O	3SUH_FFO_X_103	3SUH
Nc1nc2c(c(=O)n1)N[C@H](CN2)C	ligand	3SUX
[C@@H]1(O[C@@H]2[C@H](C[C@@H](N)[C@@H]([C@H]2O)O[C@@H]2[C@H](O)[C@@H](NC)[C@](O)(C)CO2)N)[C@H](N)[C@@H](O)[C@H](O)[C@H](O1)[C@H](O)C	3TD1_GET_B_50	3TD1
CN(CCCn1c2c(nc1N)ccc1OC[C@H](Cc21)CN(C)C)C	3TZR_SS0_A_75	3TZR
[C@H]1([C@@H](CC[C@@H](CN)O1)N)O[C@H]1[C@@H]([C@H]([C@@H](C[C@@H]1N)NC(=O)[C@H]([C@@H](CN)F)O)O)O[C@H]1[C@@H]([C@@H]([C@@H](CO)O1)O[C@@H]1[C@@H](CC[C@H](CN)O1)N)O	3WRU_SJP_A_101	3WRU
NCC(=O)O	4ERL_GLY_A_202	4ERL
[C@H]1([C@@H](CC=C(CN)O1)N)O[C@@H]1[C@H](C[C@H]([C@@H]([C@H]1O)O[C@@H]1[C@@H]([C@H]([C@@](CO1)(C)O)NC)O)N)N	4F8U_SIS_A_101	4F8U
[C@H]1([C@@H](CC=C(CN)O1)N)O[C@@H]1[C@H](C[C@H]([C@@H]([C@H]1O)O[C@@H]1[C@@H]([C@H]([C@@](CO1)(C)O)NC)O)N)N	4F8V_SIS_A_101	4F8V
[nH]1cnc2c(c1=O)[nH]cn2	4FE5_HPA_B_101	4FE5
[nH]1c(nc2c(c1=O)c(CN)c[nH]2)N	4JF2_PRF_A_101	4JF2
[C@@H]1(O[C@@H]2[C@H](C[C@@H](N)[C@@H]([C@H]2O)O[C@@H]2[C@H](O)[C@@H](NC)[C@](O)(C)CO2)N)[C@H](N)[C@@H](O)[C@H](O)[C@H](O1)[C@H](O)C	4K32_GET_A_101	4K32
N[C@H](C(=O)O)CC[S@H](C)C[C@H]1O[C@H]([C@@H]([C@@H]1O)O)n1c2ncnc(c2nc1)N	ligand.pdb	4KQY
n1c(N)[nH]c(=O)c2N([C@H](CNc12)CNc1ccc(cc1)C(=O)N)C=O	4LVV_FFO_A_101	4LVV
N1=CCc2c(=O)[nH]c(N)nc12	4LVW_7DG_A_101	4LVW
n1c(N)[nH]c(=O)c2c1NC[C@@H](N2)[C@@H](O)[C@H](C)O	4LVX_H4B_A_101	4LVX
c1(ccc(cc1)C(=O)N)CCc1c[nH]c2c1c(=O)nc([nH]2)N	4LVY_LYA_A_101	4LVY
[nH]1cnc2c1nc(N)nc2N	4LVZ_6AP_A_101	4LVZ
Nc1nc(nc2c1cncn2)N	4LX5_29G_A_501	4LX5
[nH]1c(=O)c2cncnc2nc1N	4LX6_29H_A_601	4LX6
NCCCNCCCCNCCCN	4NFO_SPM_C_101	4NFO
[C@H]1([C@@H]([C@H]([C@@H]([C@@H](CN)O1)O)O)O)O[C@@H]1[C@H](C[C@@H](NC(=O)[C@H](CCN)O)[C@@H]([C@H]1O)O[C@@H]1[C@H](O)[C@@H](N)[C@H](O)[C@H](O1)CO)N	4P20_AKN_A_101	4P20
NCCCNCCCCNCCCN	4P5J_SPM_A_115	4P5J
O1CC[NH+](CC1)CCS(=O)(=O)[O-]	4P95_MES_A_601	4P95
[C@@H]1([C@@H](CN)O[C@@H]([C@@H]([C@H]1O)N)O[C@H]1[C@@H]([C@H]([C@@H](C[C@@H]1N)NC(=O)[C@H](CCN)O)O)O[C@H]1[C@@H]([C@@H]([C@@H](CO)O1)O[C@@H]1[C@@H]([C@H]([C@@H]([C@H](CN)O1)O)O)N)O)F	4PDQ_NMZ_B_101	4PDQ
[P@]1(=O)(O)OC[C@H]2O[C@H]([C@@H]([C@@H]2O[P@](=O)(O)OC[C@H]2O[C@H]([C@@H]([C@@H]2O1)O)n1cnc2c(N)ncnc12)O)n1cnc2c(N)ncnc12	4QK8_2BA_A_201	4QK8
[P@]1(=O)(O)OC[C@H]2O[C@H]([C@@H]([C@@H]2O[P@](=O)(O)OC[C@H]2O[C@H]([C@@H]([C@@H]2O1)O)n1cnc2c(N)ncnc12)O)n1cnc2c(N)ncnc12	4QK9_2BA_A_201	4QK9
O=c1[nH]c(N)nc2c1ncn2[C@H]1[C@H](O)[C@H]2[C@H](O1)CO[P@@](=O)(O[C@@H]1[C@@H](CO[P@](=O)(O2)O)O[C@H]([C@@H]1O)n1cnc2c1ncnc2N)O	4YAZ_4BW_R_106	4YAZ
[P@@]1(=O)(O)OC[C@H]2O[C@H]([C@@H]([C@@H]2O[P@](=O)(O)OC[C@H]2O[C@H]([C@@H]([C@@H]2O1)O)n1cnc2c(=O)[nH]c(N)nc12)O)n1cnc2c(=O)[nH]c(N)nc12	4YB0_C2E_R_102	4YB0
O=C(N)c1c(N)n(cn1)[C@H]1[C@@H]([C@H](O)[C@H](O1)COP(=O)(O)O)O	4ZNP_AMZ_A_101	4ZNP
[C@H]1([C@@H]([C@H]([C@H]([C@@H](CN)O1)F)O)N)O[C@H]1[C@@H]([C@H]([C@@H](C[C@@H]1N)N)O)O	5BWS_V71_B_100	5BWS
[C@H]1([C@@H]([C@H]([C@@H]([C@@H](CN)O1)F)O)N)O[C@H]1[C@@H]([C@H]([C@@H](C[C@@H]1N)N)O)O	5BXK_S81_B_301	5BXK
